address,person_id,visit_occurrence_id,year,latitude,longitude
Nan Nan Fl 33414,31,41,2021.0,,
Nan Nan Nan Nan,32,42,2021.0,,
1155 Se 7Th Ave Dania Beach Fl 33004,9,19,2017.0,26.036492,-80.131021
949 Cleveland St Clearwater Fl 33756,23,33,2021.0,27.965644,-82.783078
711 Beach Blvd Jacksonville Beach Fl 32250,18,28,2020.0,30.287774,-81.448369
5120 Sw 13Th Pl Gainesville Fl 32607,30,40,2022.0,29.63989,-82.444072
4400 Cortina Cir Fort Myers Fl 33916,24,34,2021.0,26.600684,-81.844535
8110 Misty Wood Ave Lakewood Ranch Fl 34202,28,38,2023.0,27.43042,-82.456519
3415 Sw 39Th Blvd Nan Fl 32608,33,43,,29.617891,-82.37267
2515 First St Fort Myers Fl 33901,7,17,2016.0,26.646601,-81.865972
1510 6Th Ave Columbus Ga 31901,17,27,2019.0,32.474402,-84.984637
541 2Nd Ave S Naples Fl 34102,20,30,2020.0,26.144649,-81.800344
6318 14Th St E Bradenton Fl 34203,29,39,2021.0,27.428962,-82.548001
1850 Se 18Th Ave Ocala Fl 34471,11,21,2017.0,29.171205,-82.114012
240 Nw 25Th St Miami Fl 33127,16,26,2019.0,25.800599,-80.201235
1250 W 16Th St Jacksonville Fl 32209,1,11,2012.0,30.353463,-81.6749
1000 Peachtree Park Dr Ne Atlanta Ga 30309,15,25,2019.0,33.812466,-84.384066
1756 N Bayshore Dr Miami Fl 33132,22,32,2021.0,25.792819,-80.186568
109 W Fortune St Tampa Fl 33602,19,29,2020.0,27.952477,-82.463472
1400 Briarcliff Rd Ne Atlanta Ga 30306,21,31,2020.0,33.792475,-84.336954
831 Oakley Seaver Dr Clermont Fl 34711,14,24,2018.0,28.553619,-81.724067
4020 Montgomery St Savannah Ga 31405,26,36,2022.0,32.043515,-81.109861
7000 University Blvd Winter Park Fl 32792,3,13,2010.0,28.597446,-81.294567
2060 Continental Ave Tallahassee Fl 32304,8,18,2016.0,30.455472,-84.314401
2165 Van Buren St Hollywood Fl 33020,12,22,2018.0,26.010149,-80.150296
434 W Jefferson St Tallahassee Fl 32301,13,23,2018.0,30.4397,-84.286513
8441 Helen Terrace Jacksonville Fl 32210,5,15,2015.0,30.286449,-81.791154
1202 Prairie Ln Titusville Fl 32780,4,14,2013.0,28.600563,-80.811204
953 Collins Ave Miami Beach Fl 33139,25,35,2021.0,25.779974,-80.131772
4860 Sand Stone Ln West Palm Beach Fl 33417,6,16,2015.0,26.744598,-80.115895
1242 N Laura St Jacksonville Fl 32206,27,37,2023.0,30.338503,-81.656416
4400 Sw 20Th Ave Gainesville Fl 32607,10,20,2017.0,29.636185,-82.389138
2001 Sw 16Th St Gainesville Fl 32608,2,12,2012.0,29.634219,-82.343342
